Vessel Name,Year,Tags,LOA,LBP,B,T,D,D_Upperdeck,DWT,GT,Displacement,C_B,HTS,V_Service,MCR,P_I,N_MainEngines,ME,Fuel consumption,Fuel auxilaries,P_Aux,N_prop,CPP?,Azi?,D_Prop,Prop_RPM,Skeg?,Bulbous Bow?,N_Bowramps,N_Sternramps,N_Sidedoor,N_Insideramps,N_Lifts,N_VehDecks,N_SemiDecks,N_HoistDecks,N_PasDecks,A_PasRelative,N_Pas,L_Voyage,N_Berths,N_Cabins,N_Crew_Total,N_Officers,L_Lane,L_LaneTrailer,L_LaneTrailer(or),L_LaneCar,L_LaneCar(or),L_TrainTrack,N_Cars,N_Cars(or),L_Car,N_Trailers,N_Trailers(or),L_Trailer,No. Bowtrusters,P_Bowthruster,Classification,HFO Tanks,LNG Tanks,DO Tanks,LO Tanks,FW Tanks,BW Tanks,Heeling Tanks,Cost,Significant Ship,Comments
-,-,-,m,m,m,m,m,m,t,t,t,-,%,knts,%,kW,-,-,t/day,t/day,kW,-,y/n,y/n,m,rpm,y/n,-,-,-,-,-,-,-,-,-,-,-,-,h,-,-,-,-,-,-,-,-,-,-,-,-,m,-,-,m,-,kW (each),-,m3,m3,m3,m3,m3,m3,m3,m$,Y/N,-
Abel Matutes,2010,-,187,177,26.2,6,9.2,14.54,5300,-,-,-,-,21.4,-,18000,2, MAN 9M43C,-,-,-,2,y,n,4.3,179,y,y,1,2,-,5,-,3,2,0,3,2.4,900,-,-,90,36,8,-,2235,-,1150,-,-,-,-,-,-,-,-,2,1000,BV,573,-,132,-,-,2220,-,-,Y,-
Aretousa,1995,-,177.3,166.4,27,6.3,9.1,20.05,-,28417,-,-,-,23.8,90,31200,4, MAN 8L48/60,150,-,6795,2,y,n,4.9,153,y,y,1,1,-,3,-,2,1,1,3,2.3,1500,-,500,125,102,-,-,0,2250,2853,0,-,634,0,-,0,163,12.5,2,1200,DNV,890,-,75,-,-,950,-,-,Y,-
Armorique,2008,-,168,155,26.8,6.3,9.3,10.3,4200,28500,-,-,-,23,85,48000,4, MaK 12M43C,110,9,9200,2,y,n,4.8,153,-,y,1,1,-,1,-,2,1,0,4,2.4,1500,-,780,248,106,24,-,1100,-,-,-,-,-,-,-,-,-,-,2,1200,BV,790,-,170,-,-,2060,-,-,Y,-
Bang Chui Dao,1995,-,134.8,125,23.4,5.4,8.6,14,3250,15560,-,-,-,20,85,11520,2, Stork-Wartsila 9SW38,43,-,4640,2,y,n,4,165,y,y,1,1,-,1,-,2,1,1,3,2,938,-,-,169,89,-,-,830,0,100,1160,-,22,226,-,80,0,-,1,900,CCS,463,-,115,-,-,-,-,-,Y,-
Barfleur,1992,-,157.65,146.35,23.3,5.4,8,-,4130,20000,-,-,-,19.5,85,12400,4, Wartsila 8R32D,-,-,3905,2,y,n,4.3,-,y,y,1,1,-,-,1,2,1,1,4,1.6,1212,-,289,72,92,-,-,2510,1386,0,1500,-,0,304,-,120,66,-,2,600,BV,529,-,147,-,-,741,450,-,Y,-
Berkarar,2014,-,155.8,149,17.5,4.35,7.2,12.2,2400,9791,-,-,-,17.6,90,6120,2,Wartsila 9L26,27.4,-,-,2,y,n,3.2,200,y,n,0,2,-,-,-,2,0,0,2,1.1,200,-,-,34,34,7,-,970,-,-,-,-,-,-,-,-,-,-,1,500,RMRS,-,-,164,-,-,1430,-,-,Y,-
Bithia,2001,luxury,214,192.4,26.4,6.67,10,15.2,5100,36500,-,-,-,23,-,51200,4, Wartsila 12V46C,164,-,8500,2,y,n,5.6,145,y,y,2,0,-,6,-,2,2,0,2,1.9,2700,-,1212,320,77,14,-,900,-,700,-,-,-,-,-,-,-,-,2,1300,RINA,1000,-,80,-,-,3000,-,-,Y,-
Blue Star 1,2000,-,176.1,160.48,25.7,6.35,9.4,15.1,4563,29415,-,-,-,27,75,44480,4, MAN L58/64,-,-,6200,2,y,n,5.4,144,y,y,1,2,-,3,-,2,2,0,3,2.7,1600,-,-,161,112,-,-,1745,-,485,-,-,-,-,-,-,-,-,2,1200,LR,880,-,180,-,-,515,-,-,Y,-
Blue Star Ithaki,2000,-,123.8,111.8,18.9,4.9,7.25,12.25,1858,10193,-,-,-,24.1,85,16560,4, Wartsila 9L32,-,-,-,2,y,n,3.9,185,y,y,1,1,-,2,-,2,0,0,2,1.7,1500,-,-,5,38,-,-,-,-,-,-,-,94,-,-,21,-,-,1,950,BV,483,-,62,-,-,738,-,-,Y,-
Caledonian Isles,1993,short haul,94.28,85.2,15.8,3.15,4.5,10.7,600,5221,3138,-,0,15,85,5800,2, Mirlees Blackstone 8MB275,-,-,960,2,y,n,2.35,270,y,n,1,1,-,4,-,1,0,2,2,1.6,1000,1,0,0,28,8,-,370,-,250,-,-,55,-,-,10,-,-,2,485,LR,0,-,115,-,-,-,-,-,Y,-
Color Fantasy,2004,cruise,223.7,202.7,35,6.8,9.5,21.9,5600,75000,-,-,-,22.3,90,31200,4,Wartsila 8L46B,-,-,17400,2,y,n,-,-,y,y,1,1,-,-,1,2,1,1,4,3.4,2750,-,-,-,250,-,-,1270,-,2500,-,-,-,-,-,-,-,-,3,2200,DNV,-,-,-,-,-,-,-,-,Y,-
Color Superspeed I,2008,-,212.75,195.3,25.8,6.55,9.4,14.8,5425,34231,-,-,-,27,78.2,38400,4, Wartsila 9L46,185,-,9000,2,y,n,5.25,145,y,y,1,1,-,1,-,2,0,1,3,2.1,1928,-,-,54,71,14,-,2030,-,1035,-,-,-,-,-,-,-,-,2,2400,DNV,1350,-,210,-,-,2800,-,-,Y,-
Commodore Clipper,1999,-,129.4,117.58,23.4,5,8.6,14.3,2750,14000,-,-,-,18.55,90,8640,2, MaK 9M32,-,-,5800,2,y,n,-,161,y,y,0,1,-,1,-,2,0,0,3,1.5,500,-,80,20,37,11,-,1235,-,0,-,-,-,280,-,-,92,-,2,1300,DNV,300,-,80,-,-,1850,-,-,Y,-
Cote D'Albatre,2006,-,142.45,125,24.3,5.7,8.35,19.25,3600,18425,-,-,-,22,-,18900,2, Wartsila 9L46C,69,-,6600,2,y,n,4.2,176,y,y,1,2,-,-,-,2,0,1,2,1.7,600,-,198,50,44,8,-,-,-,-,-,-,224,0,-,31,62,16.5,2,1300,BV,697,-,92,-,-,1545,-,-,Y,-
Cruise Roma,2008,-,225,202,30.4,7,10,21.9,8550,53360,-,-,100,25,76,55440,4, Wartsila 12V46D,115,-,12400,2,y,n,5.6,150,y,y,0,2,-,3,-,2,2,0,5,3.6,1834,-,1834,460,-,-,-,3100,-,970,-,-,-,-,-,-,-,-,2,1850,RINA,1500,-,250,-,-,2000,-,-,Y,-
Danielle Casanova,2002,-,176,161.6,30.4,6.62,9.2,18.2,3400,44500,20100,-,90,24.8,80,37800,4, Wartsila 9L46C,150,10,-,2,y,n,5.2,154,y,y,1,2,-,-,-,1,0,1,5,4,2453,-,-,470,174,18,-,0,-,2000,-,-,-,-,-,-,-,-,2,1600,BV,1200,-,350,-,-,2000,-,-,Y,-
European Ambassador,2001,-,169.8,161.6,24,6,9.5,15.7,4884,24206,-,-,-,25.7,90,39600,2, Wartsila 12V38 //  18V38,-,-,7400,2,y,n,4.75,170,y,y,1,1,-,2,-,2,1,0,2,1.4,405,-,222,-,45,17,-,1660,0,290,1950,-,-,-,-,-,-,-,2,1260,LR,1071,-,124,-,-,2669,-,-,Y,-
European Causeway,2000,-,159.5,148,23.4,5.5,9,15.2,4276,20646,-,-,-,22.7,-,31680,4, Wartsila 12V38,120,-,7200,2,y,n,4.25,182,y,y,1,1,-,2,-,2,1,0,2,1,410,-,-,-,55,-,-,1445,-,325,-,-,-,-,-,-,-,13.5,2,1260,LR,1032,-,124,-,-,2488,-,-,Y,-
F.A. Gauthier,2014,-,133.2,119.92,22,5.57,8,25.8,1840,16200,10080,0.652,100,20,-,20880,4,Wartsila 12V34DF,78.8,-,-,2,-,y,-,-,y,y,1,1,-,-,-,2,0,2,2,1.6,755,-,-,-,45,-,-,1240,-,-,-,-,-,-,-,-,-,-,2,1500,LR,-,500,350,-,-,950,-,-,Y,-
Ferry Lavender,1991,long haul,192.91,181,29.4,6.75,14.5,-,2689,19904,-,-,0,21.8,90,26400,2, Pielstick 8PC40L,66.3,-,4700,2,y,n,4.45,172,y,y,1,1,-,-,-,2,0,0,3,1.8,796,30,-,86,53,11,-,2520,-,360,-,-,80,-,-,186,-,-,1,1100,JG,760,-,140,-,-,6380,-,-,Y,-
Ferry Naminoue,2012,-,145,135,24,6.2,8.25,14.5,3711,8072,-,0.5,-,21,-,12140,2, SEMT Pielstick 12PC2-6V,52.6,-,-,1,y,n,4.8,-,y,y,0,1,-,4,1,2,1,0,2,1.2,707,-,-,47,25,10,-,-,-,-,-,-,72,-,-,48,-,-,1,-,-,545,-,149,-,-,2394,-,-,Y,-
Finnclipper,1999,-,188.3,170,28.7,6,9,15.1,6800,30500,-,-,-,22,-,23040,4, Sulzer 8ZA40S,-,-,6560,2,y,n,-,-,y,y,1,1,-,2,5,3,1,0,3,1.4,454,-,-,192,40,-,-,2450,-,-,-,-,-,-,-,-,-,-,2,1500,LR,1000,-,400,-,-,2000,-,-,Y,-
Finnstar,2006,-,218.8,199,30.5,7,9.9,16.15,9300,45000,-,-,100,25,85,41580,4, Wartsila 9L46D,127,8,8000,2,y,n,5.4,150,y,y,1,2,-,-,-,3,1,1,5,1.1,573,-,573,201,50,8,-,4200,-,280,-,-,-,-,-,-,-,-,2,2000,DNV,1114,-,241,-,-,5400,-,-,Y,-
Frans Suell,1992,long haul,169.4,149.8,27.6,6.25,8.5,14,2962,35285,16562,-,-,21.5,73.6,23760,4, Pielstick 12PC2.6V-400E,-,-,-,2,y,n,4.9,135,y,y,1,2,-,-,-,-,0,2,5,3.9,2216,-,2172,805,193,-,-,1100,0,0,2200,-,462,-,-,0,-,-,2,1100,DNV,683,-,164,-,-,780,-,-,Y,-
Golfo Dei Coralli,2001,-,199.4,179.2,25,6.08,8.2,14.2,7100,18450,15925,-,-,22.5,85,18900,2, Wartsila 9L46C,72,14,5400,2,y,n,4.8,131,y,y,0,1,-,2,-,2,1,0,2,0.6,308,-,308,77,23,13,-,2510,-,0,-,-,-,-,-,-,-,-,2,800,RINA,1150,-,80,-,-,5000,-,-,Y,-
Hamanasu,2004,-,224.82,208,26,7.2,10,20.4,5824,34181,-,-,-,30.5,90,35200,2,Wartsila 12V46C,193,-,-,1,y,y,-,-,y,y,0,3,-,2,-,2,1,0,3,1.7,850,-,-,180,60,10,-,2000,-,300,-,-,-,-,-,-,-,-,2,1200,JG,1247,-,148,-,-,4251,-,-,Y,-
Hebrides,2001,-,99.4,91.2,15.8,3.2,5.5,11.2,670,5506,3493,-,-,16.8,85,7680,2, Mak 8M32,15,-,3552,1,y,n,2.55,270,y,n,1,1,-,-,-,1,0,2,2,1.4,612,-,-,-,37,13,-,-,-,-,-,-,108,-,-,10,-,-,2,450,LR,-,-,100,-,-,730,-,-,Y,-
Hjaltland,2002,-,125,119,19.5,5.3,8,13.7,1560,12000,7300,-,-,24,85,21600,4, MaK 6M43,-,-,7040,2,y,n,4.1,176,y,y,1,1,-,1,-,1,1,-,2,1.8,600,-,-,100,42,10,-,450,-,115,-,-,-,-,-,-,-,-,2,900,LR,490,-,70,-,-,600,-,-,Y,-
IBN Battouta 2,1993,short haul,116,103,18.9,5,7.15,12.75,1492,9487,5961,-,-,17.85,80,7000,2, MAN 8L40/54A,27.8,3,2448,2,y,n,3.5,170,y,y,1,1,-,4,-,1,0,1,2,1.7,1300,3,0,0,80,16,-,-,-,-,-,-,283,-,-,29,-,16,1,600,BV,337,-,118,-,-,905,-,-,Y,-
Ishikari,1991,-,192.5,175,27,6.7,9.9,-,6146,31953,-,-,-,21.5,-,29540,2, MAN 14V52/55B,76,-,3600,2,y,n,4.8,-,y,y,1,1,3,5,-,2,3,0,3,1.9,854,-,-,71,76,-,-,-,-,-,-,-,151,-,-,165,-,-,1,-,JG,827,-,149,-,-,4723,-,-,Y,-
Isle of Innisfree,1995,-,181.6,172.3,23.4,5.6,8.6,14.4,5285,22365,-,-,-,22,85,23040,4, Sulzer 8ZAL40S,60,-,6700,2,y,n,4.8,150,y,y,1,1,-,2,-,2,0,1,3,1.5,1650,-,-,34,110,-,-,1810,-,333,-,-,74,605,-,109,0,-,2,1500,LR,680,-,165,-,-,2170,-,-,Y,-
Juan J Sister,1993,long haul/freighter,151.1,133.3,26,6,8.6,14,5585,22400,-,-,-,18,67,12600,4, Wartsila 8R32E,38,9,-,2,y,n,4.5,139,y,y,1,2,-,1,1,3,1,0,3,1.7,550,-,400,139,58,14,-,1680,-,675,-,-,150,-,-,92,-,16,2,550,BV,490,-,152,-,-,850,-,-,Y,-
Kalliste,1993,freighter,165,150,29,6.5,8.9,16.9,6600,29575,-,-,20,20,85,19720,4, Wartsila 16V32D,-,-,6890,2,y,n,-,139,y,y,1,2,-,2,-,2,1,1,3,1.7,202,-,-,98,34,-,-,2375,-,560,-,-,120,-,-,-,-,-,2,1400,BV,1700,-,230,-,-,2000,230,-,Y,-
Knossos Palace,2000,-,214,181.22,26.4,7,-,15.6,5850,37482,-,-,-,29.5,-,67200,4, Wartsila 16V46C,-,-,11500,2,y,n,5.7,-,y,y,0,2,1,-,-,-,-,-,3,2.8,2190,6,-,216,130,30,-,-,-,-,-,-,700,110,-,-,120,-,2,1300,DNV,1000,-,80,-,-,3000,-,-,Y,-
Kong Harald,1993,-,121.8,103.8,19.2,4.7,7.2,21.4,902,11204,6256,-,-,18,69,9000,4, Krupp MaK 6M552C,-,-,7000,2,y,n,3.34,180,y,y,0,0,1,-,1,0,1,0,4,2.8,490,-,-,230,59,16,-,-,-,-,-,-,50,-,-,-,-,-,2,790,DNV,620,-,60,-,-,750,-,-,Y,-
La Superba,2002,-,211.5,186.21,30.4,7.8,10,35.65,9750,50400,-,-,-,28,-,67200,4, Wartsila 16V46C,-,-,9940,2,y,n,5.7,-,y,y,0,1,-,-,-,3,1,1,4,3.5,3000,-,-,567,-,-,-,2780,-,450,-,-,-,-,-,-,-,-,2,1500,RINA,1926,-,362,-,-,7851,-,-,Y,-
Las Palmas De Gran Canaria,1993,-,116.8,101.83,20.7,5.3,7.5,12.8,2700,10473,-,-,-,16,85,5280,2, MAN 12V28/32AF,-,-,2100,2,y,n,-,-,y,y,1,1,-,2,-,2,1,0,3,1.8,378,-,78,-,39,-,-,813,-,180,-,-,40,180,-,50,0,16,1,750,BV,-,-,-,-,-,-,-,-,Y,-
Loch Seaforth,2014,-,117.9,111.45,19.2,4.8,7,13.25,1434,8680,-,-,45,19.2,-,8000,2,Wartsila 8L32,28.7,2.8,-,2,y,n,4.1,-,y,y,1,1,-,-,1,1,0,2,2,1.5,700,-,-,-,42,13,-,-,-,-,-,-,143,-,-,20,-,18,2,900,LR,264,-,48,-,-,565,-,68,Y,-
Majestic,1993,luxury,188.22,163.05,27.6,6.7,8.3,-,7150,32600,19070,-,-,23,85,23040,4, Sulzer 8ZA-40S,86,-,6450,2,y,n,4.4,-,y,y,0,3,-,1,-,2,2,0,3,2.8,1500,20,750,339,169,-,-,1844,-,295,-,-,-,-,-,-,-,-,1,1000,RINA,1400,-,-,-,-,5000,-,-,Y,-
Martin I Soler,2008,-,165.3,152.5,25.6,5.5,8.5,15.8,4370,24761,-,-,-,21.4,90,18000,2, MaK 9M43C,-,-,6110,2,y,n,4.25,177,y,y,1,2,-,1,-,2,1,1,-,-,1164,-,-,62,36,7,-,-,-,-,-,-,107,334,-,96,65,16,2,1000,BV,660,-,90,-,-,1850,-,-,Y,-
Mega Express,2001,-,176.01,159.7,24.8,6.3,9.3,17.6,3500,23700,14500,-,-,29,85,46800,4, Wartsila 12VR46C,-,-,9800,2,y,n,5,155,y,y,1,2,-,-,-,2,2,2,4,2.2,1860,-,-,294,104,-,-,790,-,1710,-,-,-,-,-,-,-,-,2,1600,RINA,1270,-,131,-,-,988,-,-,Y,-
Mont St Michel,2002,-,173.95,162.25,28.5,6.2,9,14.85,6300,35592,-,-,-,21,85,21600,4, MaK 6M43,-,-,8060,2,y,n,4.65,155,y,y,1,1,-,1,-,2,1,1,3,2.4,2120,-,788,224,151,11,-,1180,-,2250,-,-,-,-,-,-,-,-,2,1500,BV,700,-,290,-,-,1400,-,-,Y,-
Nils Holgersson,2001,-,190.75,175,29.5,6.2,9.2,14.65,7200,36648,-,-,41,22,-,29880,2, Mak 8M43 //  7M43 //  6M32,-,-,-,2,n,y,4.5,-,y,y,1,1,2,2,1,2,1,0,3,2.3,744,-,640,220,56,10,-,1450,0,1163,2613,-,-,-,-,-,-,-,2,2400,GL,946,-,70,-,-,2644,-,-,Y,-
Normandie,1992,-,161.4,146.4,26,5.65,-,-,4225,27000,-,-,-,20.5,-,17760,4, Wartsila 12V32E,-,-,7380,2,y,n,4.8,135,y,y,1,1,-,-,1,2,1,0,4,2.5,2120,-,774,217,141,-,-,0,-,2360,-,-,680,0,-,0,135,-,2,900,BV,420,-,170,-,-,1630,440,-,Y,-
Nuraghes,2004,-,214,192.44,26.4,6.9,10,15.29,3900,40050,-,-,100,29.5,85,51360,4,Wartsila 12V46C,164,,-,2,y,n,5.6,-,y,y,0,2,-,3,-,3,-,1,2,2,2900,-,-,360,90,-,-,2000,-,0,-,-,-,-,-,-,-,-,2,1500,RINA,1000,-,90,-,-,3000,-,-,Y,-
Olau Britannia,1990,-,161,144,29,6.5,8.1,-,5118,33336,-,-,0,21.3,-,19600,4, Sulzer 8ZA40S,-,-,7560,2,y,n,-,-,y,y,1,1,-,-,-,2,0,2,-,-,1600,-,1600,-,248,-,-,1490,0,0,2588,-,-,575,-,122,0,-,2,1400,GL,-,-,-,-,-,-,-,-,Y,-
Olympia Palace,2001,-,214,191.22,26.4,7.1,10,15.5,6300,37150,-,-,-,29.5,-,67200,4, Wartsila 16V46C,-,-,11560,2,y,n,5.7,150,y,y,0,2,-,2,-,2,2,0,3,2.6,1880,-,706,178,120,24,-,2000,-,495,-,-,-,-,-,-,-,-,2,1000,GL,1000,-,80,-,-,3000,-,-,Y,-
Olympic Champion,2000,-,204.15,185.4,25.8,6.75,9.8,-,6500,-,-,-,-,29,-,50400,4, Wartsila 12V46C,-,-,-,2,y,n,-,-,y,y,0,2,-,2,-,3,1,0,5,3,1850,-,-,236,70,-,-,2000,-,525,-,-,-,-,-,-,-,-,2,1200,LR,-,-,-,-,-,-,-,-,Y,-
Pacific Express,1992,long haul,170,158,25,6.5,10,20.65,5113,11580,-,-,-,26.2,90,34450,2, SEMT-Pielstick 14PC4-2V,129,-,6190,2,y,n,4.8,162,y,y,1,1,-,2,1,-,1,0,3,2.2,660,-,660,62,50,12,-,-,-,-,-,-,90,-,-,100,-,-,2,1100,-,639,-,159,-,-,2583,-,-,Y,-
Piana,2011,-,180,168.1,30.5,6.7,9.8,15.8,7354,42180,21933,-,5,23.9,85,38400,4, Wartsila 8L46F-CR,145,15,11200,2,y,n,5.2,138,y,y,0,2,-,-,-,3,-,-,-,-,750,-,-,200,56,10,-,2460,-,1143,-,-,-,-,-,-,-,-,2,1900,BV,1670,-,260,-,-,1700,-,-,Y,-
Polonia,1995,train,169.9,159,28,5.9,8.65,14.15,7250,29875,-,-,-,20,-,15840,4, Stork Wartsila 6SW38,-,-,10400,2,y,n,4.3,140,y,y,0,1,1,-,-,2,0,1,3,2.3,920,-,-,204,-,-,-,2200,0,0,2560,740,-,-,-,-,-,-,3,1600,DNV,-,-,-,-,-,-,-,-,Y,-
Pont-Aven,2004,-,184.3,170.8,30.9,6.8,-,-,-,41700,-,-,-,27,-,43200,4,MaK 12VM43,-,-,16200,2,y,n,5.2,-,y,y,1,1,-,2,-,1,1,1,5,4.6,2600,-,-,659,183,-,-,0,1440,3500,0,-,-,-,-,-,-,-,2,2000,BV,-,-,-,-,-,-,-,-,Y,-
Pride of Burgundy,1993,-,179.4,170,27.8,6.27,9,14.85,6000,28238,-,-,-,21.5,-,21120,4, Sulzer 8ZA-40S,-,-,7460,2,y,n,4.5,156,y,y,1,2,-,-,-,2,0,0,3,1.7,1320,-,196,79,80,-,-,-,-,-,-,-,530,-,-,120,-,-,2,-,LR,760,-,190,-,-,2828,-,-,Y,-
Pride of Rotterdam,2001,-,215,203.7,31.5,6.05,9.4,17.3,9268,59925,-,-,57,22,-,37800,4, Wartsila 9L46C,-,-,-,2,y,n,4.9,153,y,y,0,1,-,4,-,3,1,0,5,3,1360,-,-,546,141,-,-,3355,-,1428,-,-,-,-,-,-,-,-,2,2000,LR,1102,-,182,-,-,3907,-,-,Y,-
Prins Filip,1991,-,163.4,150,27,6.2,9.2,14.4,3899,-,-,-,25,21,85,21120,4, Sulzer 8ZA-40S,-,-,10880,2,y,n,4.7,-,n,y,2,2,1,-,-,2,0,1,3,1.9,1200,-,-,121,-,-,-,1780,0,0,2634,-,-,600,-,0,-,-,2,1500,BV,524,-,211,-,-,1314,-,-,Y,-
Prometheus,2001,-,212,198,25,6.6,9.9,15.25,6800,26995,-,-,-,30,-,50400,4, Wartsila 12V46C,178.6,-,9200,2,y,n,5.4,-,y,y,0,2,-,3,0,2,0,0,2,1.3,1000,-,200,52,87,-,-,500,-,1500,-,-,-,-,-,-,-,-,2,1300,GL,900,-,250,-,-,3800,-,-,Y,-
Robin Hood,1995,-,179.6,166,27.2,6,8.7,16.6,6600,26800,-,-,-,18.5,-,18000,4, MaK 6M552C,-,-,-,2,y,n,4.8,135,y,y,1,1,-,6,-,3,1,0,3,1.8,300,-,-,163,41,-,-,2400,-,0,-,-,0,-,-,150,-,-,2,-,GL,-,-,800,-,-,2500,-,-,Y,-
Romantica,2002,-,192.9,175.2,29,6.5,9.7,15.4,4500,39864,-,-,-,22,-,26240,4, Wartsila 16V32,-,-,12780,2,y,n,5,141,y,y,1,2,-,-,-,1,-,-,5,4.3,2500,-,2172,727,172,12,-,0,-,1000,-,-,-,-,-,-,-,-,2,1800,BV,1400,-,200,-,-,2500,-,-,Y,-
Sabrina,1990,long haul,186.5,171,24.8,6.75,9.5,-,5770,12521,15814,-,5,23.2,-,23830,2, Diesel United Pielstick 9PC40L,-,-,3000,2,y,n,-,-,y,y,2,2,-,-,-,2,3,0,3,1.8,694,-,-,-,53,-,-,1445,-,630,-,-,140,-,4.5,170,-,8.5,1,1320,JG,-,-,-,-,-,-,-,-,Y,-
San Sha 1 Hao,2014,cargo,122.3,109.4,21,5.2,7.8,14,2480,12580,7800,0.6,5,18,90,9200,2,MAN 9L32/40,30,4.7,-,2,y,n,4.2,-,y,y,0,1,-,-,-,1,0,0,2,1.8,450,-,-,145,81,7,-,-,,-,,-,140,0,-,0,20,-,1,700,CCS,700,-,180,-,-,780,-,-,Y,-
Silja Serenade,1990,-,202.8,180.7,31.5,6.8,9.3,-,4940,58400,-,-,-,20,-,32580,4, Wartsila Vasa9R46,-,-,14000,2,y,n,-,-,y,y,1,1,-,-,-,1,1,0,4,3.4,2500,-,-,-,264,-,-,-,-,-,-,-,464,52,4.5,0,52,18,2,1800,LR,-,-,-,-,-,-,-,-,Y,-
Silver Eight,2013,-,142.59,130,23.4,5.6,-,-,4028,17231,-,0.596,-,20.5,-,13930,2, MAN 7L42MC6.1,46.8,5.2,5130,2,y,n,4,-,y,y,1,1,-,3,0,2,1,0,2,1.7,600,-,-,136,14,-,-,-,-,-,-,-,30,-,-,68,-,-,2,-,JG,-,-,-,-,-,2334,-,-,Y,-
Silver Princess,2012,-,150,137.5,25,5.7,8,13.15,4315,10536,-,-,-,20.5,-,14400,2, SEMT Pielstick 12PC2-6B,55,-,-,2,y,n,4.2,-,y,y,0,1,1,2,0,2,1,0,2,1,900,-,-,176,20,9,-,-,-,-,-,-,30,-,-,92,-,-,2,-,-,612,-,125,-,-,3056,-,-,Y,-
Sinorail Bohai,2006,train,182.6,164.6,24.8,5.8,9,15,6466,24975,-,-,18,18,-,12000,4, MaK 9M25,38,-,-,2,-,y,-,-,y,y,1,0,1,-,-,2,0,0,4,1.1,480,-,-,98,63,-,-,486,-,-,-,735,-,-,-,-,-,-,2,710,CCS,368,-,52,-,-,4498,-,-,Y,-
Spirit of Britain,2011,-,213,197.9,30.8,6.55,9.7,15.5,7664,47592,24643,0.658,-,22,85,30400,4, MAN 7L48/60CR,50,5,6020,2,y,n,5.2,-,y,y,1,1,-,2,1,3,0,0,3,2.1,2000,-,0,0,110,20,-,2741,-,1000,-,-,-,-,-,-,-,-,3,300,LR,1230,-,190,-,-,3292,918,-,Y,-
Spirit of British Columbia,1993,short haul,167.5,156,26.6,5,8,-,3109,18790,11609,-,-,19.5,85,15600,4, MAN 6L40/54,27,-,6375,2,y,n,3.4,215,y,y,1,1,-,-,-,3,0,1,2,1.6,2100,1.5,-,-,52,10,-,0,-,2300,-,-,470,205,-,0,50,-,2,750,ABS,-,-,360,-,-,770,-,-,Y,-
Star,2007,-,186,170,27.7,6.5,9.5,20.9,4700,36250,-,-,28,27,-,48000,4, MaK 12M43C,195,-,-,2,y,n,5.3,144,-,y,1,1,-,1,-,2,0,0,3,2,1900,-,520,131,100,17,-,2010,-,-,-,-,-,-,-,-,-,-,2,1500,BV,975,-,170,-,-,3250,-,-,Y,-
StavangerFjord,2013,-,170,148,27.5,6.35,9.3,-,-,31678,15712,0.5977,-,21.5,-,25600,4,Royce Royce B35:4OV12PG,-,-,-,2,y,n,4.7,-,y,y,0,2,-,-,-,2,0,1,3,2.7,1200,-,-,303,100,-,-,0,-,1350,-,-,-,-,-,-,-,-,2,1600,DNV,-,600,-,-,-,1508,-,-,Y,-
Stena Britannica,2002,-,210.8,197.2,29.3,6.3,9.5,15.6,9400,43500,-,-,40,22.2,85,25920,4, MAN 9L40/54,94.6,-,-,2,y,n,4.85,150,y,y,1,1,-,-,-,2,2,1,3,1.2,900,-,598,246,72,-,-,3050,-,450,-,-,-,-,-,-,-,-,2,2200,LR,960,-,400,-,-,3000,-,-,Y,-
Stena Hollandica,2010,-,240,221.75,32,6.4,9,-,11600,64000,-,-,-,22,-,33600,2, MAN 48 //  MAN 60,-,-,-,2,y,n,-,-,y,y,-,-,-,5,-,3,1,0,4,3,1200,-,1376,538,85,-,-,5500,-,-,-,-,-,-,-,-,-,-,2,3000,LR,-,-,-,-,-,-,-,-,Y,-
Sunflower Pearl,2008,-,165.5,154.7,27,6,8.4,14.3,4406,20604,-,-,-,23.2,85,18000,2, SEMT-Pielstick 12PC2-6B,68,-,5710,1,y,n,-,-,y,y,1,1,-,3,-,2,2,-,2,1.6,748,-,480,223,34,9,-,2000,0,0,3400,-,-,-,-,-,-,-,1,1250,JG,510,-,150,-,-,1980,-,-,Y,-
Superfast I,1995,-,173.7,158,24,6.25,8.8,14.1,5240,23663,15280,-,25,26.8,-,31680,4, Sulzer 12ZA40S,144,8.5,5840,2,y,n,4.9,156,y,y,1,3,-,2,-,2,1,0,3,2.4,1400,20,-,200,100,-,-,1800,-,445,-,-,98,-,-,111,-,-,2,1000,ABS,1360,-,92,-,-,1260,500,-,Y,-
Tanit,2012,-,210,189.6,30,7.29,10.5,16.62,6126,52.645,-,-,-,27.5,-,57600,4, MAN 12V48/60CR,196,24.5,11400,2,y,n,5.6,-,y,y,1,1,-,-,-,2,1,1,3,2.7,3200,-,-,653,285,-,-,1060,0,349,1400,-,-,-,-,-,-,14.6,2,1750,BV,1780,-,290,-,-,2450,-,-,Y,-
Tassili II,2004,-,145,130,24,6,8.55,-,2900,-,-,-,-,22,-,25200,2,Wartsila 12V46,-,-,5760,2,y,n,-,-,y,y,1,1,-,4,-,2,-,1,4,3.6,1308,-,1308,-,119,-,-,1350,0,0,1780,-,-,-,-,-,-,-,2,1000,BV,780,-,150,-,-,1200,-,-,Y,-
Viking Grace,2013,-,218.5,200,31.8,6.8,9.8,-,-,57565,-,-,-,22,-,29600,4,Wartsila 8L50DF,-,-,-,2,n,n,5.2,-,y,y,1,1,-,-,1,1,1,1,6,4.2,2800,-,-,880,-,-,-,0,-,1275,-,-,-,-,-,-,-,-,2,2300,LR,470,400,178,-,-,1450,670,-,Y,-
Viking XPRS,2008,-,186.71,170.13,27.7,6.55,9.5,15.2,9372,35778,-,-,-,22,85,40000,4, Wartsila 8L46F,115,12,7990,2,y,n,5.3,143,y,y,1,1,-,2,-,2,0,0,4,3.3,2500,-,732,238,105,15,-,1000,-,1250,-,-,-,-,-,-,-,-,2,1500,LR,1090,-,160,-,-,1390,-,-,Y,-
Volcan De Tamasite,2004,-,142.45,125,24.2,5.7,8.35,13.55,3000,17343,-,-,-,22,90,16800,2,Wartsila 8L46C,67,-,5520,2,y,n,4.2,-,y,y,0,2,-,3,-,2,0,1,2,1.7,1466,-,-,-,34,8,-,1279,-,0,-,-,-,403,-,-,0,-,2,1000,BV,620,-,90,-,-,1685,-,-,Y,-
Wakanatsu Okinawa,1991,freighter,151.13,138,23,6.4,8.6,13.7,4336,14122,-,-,14,21,-,16200,1, SEMT-Pielstick,42.8,-,4050,1,-,n,-,-,y,y,1,1,-,-,1,3,0,0,2,0.6,150,-,-,24,28,10,-,-,-,-,-,-,180,-,-,42,-,12.2,1,920,JG,503,-,151,-,-,-,-,-,Y,-
